<?xml version="1.0" encoding="UTF-8"?>
<root>
  <item name="com.yalantis.beamazingtoday.ui.adapter.BatAdapter void notify(int, int) 0">
    <annotation name="android.support.annotation.IntDef">
      <val name="value" val="{com.yalantis.beamazingtoday.interfaces.AnimationType.ADD, com.yalantis.beamazingtoday.interfaces.AnimationType.REMOVE, com.yalantis.beamazingtoday.interfaces.AnimationType.MOVE}" />
    </annotation>
  </item>
  <item name="com.yalantis.beamazingtoday.ui.adapter.BatAdapter void notify(int, int, int) 0">
    <annotation name="android.support.annotation.IntDef">
      <val name="value" val="{com.yalantis.beamazingtoday.interfaces.AnimationType.ADD, com.yalantis.beamazingtoday.interfaces.AnimationType.REMOVE, com.yalantis.beamazingtoday.interfaces.AnimationType.MOVE}" />
    </annotation>
  </item>
</root>

